,mean,max,var,0.25,0.5,0.75,max_day_1,max_day_2,max_day_3,max_day_4,max_day_5,max_day_6,max_day_7,mean_day_1,mean_day_2,mean_day_3,mean_day_4,mean_day_5,mean_day_6,mean_day_7,var_day_1,var_day_2,var_day_3,var_day_4,var_day_5,var_day_6,var_day_7,mean_day_var,hjorth_mobility,hjorth_complexity,dfa,pfd,permutation_entropy_n_3,permutation_entropy_n_4,above_0.7*max,above_0.8*max,above_0.9*max,above_0.7*mean,above_0.8*mean,above_0.9*mean,above_mean,hfd,abs_energy,augmented_dickey_fuller,cid_ce,autocorrelation,fft_centroid,fft_variance,fft_skew,fft_kurtosis,kurtosis,skewness,mean_change,mean_2_deriv_central,interdaily_stability,intradaily_variability
s0209110,32.103134920634915,503.85,2247.832674961455,0.0,12.03,45.692499999999995,503.85,463.15,233.81,385.04,339.93,289.22,306.8,35.81171527777778,40.2665625,24.478166666666667,38.29232638888889,23.349576388888888,28.168604166666668,34.35499305555556,3391.5928036575824,2443.9902691343827,1144.5199238082002,2230.026207579287,1601.0555708419724,1811.0225393289625,2847.7859320360903,45.669589049348275,0.00581125077399969,274.10519791903914,0.9658123297185228,1.0186949717395917,2.433536540305429,4.217143769209633,9.0,5.0,3.0,3972.0,3733.0,3493.0,3267.0,0.8702940622964098,33044467.149999995,2.252659431469716e-25,3353.883117164342,0.16059643406247973,1728.298979444836,2277680.010684092,0.6368879019706422,7.313880972202266,9.03787884257951,2.4645900681885555,-0.0008254787181267983,0.00013643580075411787,0.3850995211622017,0.4964944768259294
s0310211,32.91030853174603,652.34,3116.790385488686,0.0,10.645,46.152499999999996,524.69,321.02,511.41,586.75,246.13,260.26,652.34,28.255993055555553,57.298548611111116,37.22103472222222,30.606631944444448,16.904868055555553,16.409256944444447,43.67582638888889,1715.2936031827169,2247.1082927495445,4292.669933535973,4473.04944945444,701.9813277101667,765.9804470499856,6348.859132047669,214.11556598082018,0.005470055993698828,295.6702205358571,1.0094456394679632,1.019075437187059,2.4454429031563696,4.237245923466639,15.0,5.0,1.0,3787.0,3580.0,3362.0,3169.0,0.829178646821816,42331661.4445,1.0401095687070084e-22,3573.178359556097,0.15265331737587917,1695.2618119726424,2350126.3498272565,0.6102645423076547,6.5610100008441625,19.583738086456062,3.662356975143847,0.00273638257763667,0.0012948997817027188,0.5162434938569462,0.4064286825439751
s0310411,35.88429563492063,250.16,1627.6440286733812,0.48,19.295,63.61,198.3,230.34,202.5,216.79,198.64,250.16,215.98,28.258784722222224,44.237854166666665,33.221986111111114,30.023652777777777,40.780854166666664,33.995263888888886,40.67167361111111,1536.5214493212393,1854.3609433421627,1875.9954826405308,1463.922314236544,1546.3666000343103,1449.3297429462968,1453.816368218624,36.63818296696335,0.004532570334867845,352.7413544057198,1.0164223528277143,1.019956825761273,2.477710776318845,4.309998906083504,39.0,13.0,3.0,4572.0,4287.0,4036.0,3844.0,0.8489658268671502,29384865.511,3.406232276645491e-21,2466.670476107419,0.2662763992914572,1672.1680251795601,2299202.9413013174,0.6530232146565959,6.586117250834623,0.68506655184044,1.1358003039876161,0.004088699275721797,3.9690414764831685e-06,0.5108535246488977,0.37089023316902675
s0310703,32.294832341269846,599.57,3006.353328853721,0.0,6.62,46.0425,472.3,277.23,599.57,286.0,208.14,340.91,583.87,25.316430555555552,36.013423611111115,57.715243055555554,25.00382638888889,21.594270833333333,32.543506944444445,27.877125,1662.143943330822,2103.654751370115,8759.115893200084,1947.0711913944385,1258.4848111427202,2035.4099129881351,2394.5432924930506,149.32700916535538,0.00561465572001184,283.44874547517054,0.9853280321410293,1.0171973105766587,2.3633722587687265,4.055430679853446,26.0,11.0,5.0,3631.0,3423.0,3245.0,3091.0,0.8273504545386847,40814033.65670001,5.768722144724929e-26,3601.290509289691,0.20661233844100033,1688.3811479674357,2258009.4316586107,0.6016829149342172,6.8782266108843215,17.22201957577285,3.292483581130315,0.0008165492608393691,0.0004083151418932328,0.4419840858541639,0.4280148597580207
s0310706,27.8233373015873,378.21,1319.7474470020018,0.0,12.555,44.9825,378.21,215.48,222.24,377.79,223.35,178.1,181.53,24.682583333333334,22.53065972222222,35.936701388888885,34.712631944444446,27.345576388888887,21.335375,28.21983333333333,1223.772703954137,1177.3041166596688,1452.2469508211234,1771.2384959867472,1127.8616163457916,1045.089857121265,1252.4416397220311,32.2741580595238,0.0055005722357460264,293.1675480353848,0.9976708351728831,1.017338259931368,2.3687804918655866,4.064085138137751,5.0,3.0,2.0,4382.0,4126.0,3913.0,3667.0,0.8677582038216206,21105046.552199997,9.405711121013878e-24,2536.0225735194076,0.2275776636958737,1751.4959720936288,2314157.318738387,0.5758804074231849,7.320214737861307,4.522321079277558,1.754088012009303,-0.006095842841551741,0.0020003969041476484,0.4201660801989297,0.48350164292753545
s0310710,40.76028273809524,362.7,2203.2878021524157,0.0,24.53,66.72,252.32,245.56,267.13,283.25,234.19,362.7,236.26,45.96866666666667,45.86536805555556,35.561298611111106,36.50499305555556,38.491819444444445,53.73865277777778,29.191180555555558,2574.272910382212,2072.616048787303,1784.23206189826,2127.6595585823025,1985.738431572658,2810.8514329300806,1670.7947214684182,67.62570423208776,0.004799073204805467,334.4299792037206,1.0224709812814803,1.018864609731653,2.4352238919419142,4.212362344293874,7.0,3.0,2.0,4726.0,4433.0,4130.0,3880.0,0.8550941980344257,38953856.29869999,9.543785274928372e-24,3006.2754291315364,0.28370331530441323,1688.6498888888798,2315370.4187106816,0.6324225664711024,6.665622049890654,1.6022774692989827,1.3218730785172048,-0.004631411846413335,-0.0023084937487596745,0.4888450399864972,0.40697605650681173
s0311303,30.39535416666667,431.72,1726.9076905779966,0.0,14.24,43.2075,431.72,234.37,392.07,197.19,252.3,293.94,269.85,38.871625,25.454708333333333,32.34396527777778,18.735243055555557,35.813138888888886,33.11044444444445,28.43835416666667,2163.1177074339826,1372.1680149252945,1939.5976931607113,875.8008538672213,2274.9011891676328,1708.2162288502816,1484.994021820271,46.094396731513626,0.005668185295174359,279.31673422301395,0.9709011871990217,1.0183664391643754,2.4158309608600015,4.170766511987248,3.0,2.0,2.0,4258.0,3963.0,3693.0,3426.0,0.8755671650541981,26718188.366900004,1.277334173121507e-24,2941.560660601783,0.19351441291408492,1729.3275969501078,2242691.8715359634,0.6200162411904325,7.4675106020124895,5.434441781902434,2.051455860389529,0.0,-0.00025004961301845606,0.37991665552478754,0.49712894319813966
s0320307,41.78765277777777,492.94,3456.7536089358787,0.09,16.44,61.0675,424.67,482.46,481.79,401.99,492.94,438.09,309.26,47.06293055555555,37.87721527777778,36.21796527777778,44.90936111111111,36.354256944444444,53.201284722222226,36.89055555555556,3287.786983066754,2757.7542879313883,3270.8669203184622,4583.612365401121,4019.2607348192705,3733.198185909145,2291.362024986488,44.61015074816745,0.0048758057165054994,325.8354944799942,0.935990867778403,1.0191318566779803,2.448381273287632,4.234207499358311,33.0,15.0,8.0,3986.0,3730.0,3513.0,3292.0,0.828787810868952,52442395.5052,7.023875248350137e-29,3545.0137068141216,0.19877015157141711,1611.5484650805015,2270293.8445839207,0.7286741357984529,6.171746398906068,7.126857217944632,2.2609088879576644,0.010567516618712174,0.002676126215518952,0.42078854191500636,0.36070317683659964
s0408108,55.61731845238096,1023.14,7945.662782202378,0.0,20.884999999999998,76.7225,957.16,715.03,564.85,1023.14,499.06,617.1,801.11,55.65064583333333,51.27984027777778,56.676680555555556,60.32022222222222,47.85406944444445,37.4876875,80.05208333333333,6764.233325850832,5618.830955568629,6987.795934491352,10402.502358949898,4301.758494060494,5887.141468380383,14661.728776059777,171.34394466328163,0.005168051935157146,310.5036879852195,0.9330154043692073,1.0186270607511558,2.4291856727294303,4.197315126288048,6.0,3.0,3.0,3970.0,3747.0,3506.0,3270.0,0.7961189648225299,111264659.18909998,1.414757356408819e-23,5473.115950407044,0.16004460676780202,1662.6959816337492,2309269.964813024,0.6524648890634686,6.441148927767083,13.523276412270828,3.111801301379248,0.0002539934517313226,0.0004926572732685056,0.4924238133494468,0.37404316510329155
s0410108,32.33860714285714,513.36,1863.1957333707992,0.05,14.045,49.7475,235.16,513.36,230.89,251.5,184.46,219.68,361.36,35.52875,27.024333333333335,30.200506944444445,25.270305555555556,37.55439583333334,33.18309027777778,37.608868055555554,1765.7185343641443,2272.2011327032624,1860.8704124599928,1399.9056899691136,1733.9017440405667,1517.5541862044918,2351.239716646929,24.77402181264239,0.005400090314520605,293.8769372456683,0.9306089297656991,1.0190942461293293,2.458329671876757,4.2585620581548245,6.0,4.0,2.0,4203.0,3929.0,3690.0,3434.0,0.8662396358529594,29320667.757,2.1103883456631465e-30,2935.744242079,0.15828212352011503,1683.597076873659,2248994.112037023,0.6628388809314024,6.931602034502358,7.198891008273538,2.041412577086297,0.0006677249727155472,-0.0009089104981147053,0.36918727371903165,0.4589448589648125
s0508205,47.98860317460318,671.18,5461.82718397983,0.04,15.415,69.905,671.18,348.22,645.85,395.58,482.04,385.86,490.21,73.18726388888889,36.570055555555555,55.05477083333333,41.58244444444445,52.50152083333334,36.36077777777778,40.66338888888889,11155.982685628707,2539.283872547294,8318.635417181655,3360.4542155632757,3899.6629920565447,3597.070792028417,4318.176416582503,177.5928066940977,0.005300189314031968,308.7842437939244,1.118410474588198,1.0198071805125366,2.4705216669316057,4.284773388176389,29.0,9.0,4.0,3810.0,3577.0,3356.0,3188.0,0.8282472318411769,78263049.0166,2.0632294968474488e-16,4706.803392717822,0.18920317697197525,1734.4604709239193,2394852.423762046,0.5618421654866966,6.744172315870532,10.005879517389241,2.688164109639591,0.0025508482984423065,0.004766818813256598,0.5550051632304109,0.4024359000303397
s0509113,18.897460317460318,295.22,1027.6169842825805,0.0,4.95,22.33,216.54,202.36,221.95,156.67,265.07,252.14,295.22,16.491923611111112,17.656069444444444,17.26578472222222,14.893451388888888,17.522590277777777,24.794770833333335,23.657631944444443,807.2645307655296,782.3971596616095,876.1297365623785,556.4221060087541,921.688750408802,1542.6572642976882,1625.63485950308,14.224980626393943,0.0055959730562952816,283.12077803449057,0.8152667279818318,1.0166665618866049,2.345103884467009,4.012889430901094,16.0,4.0,1.0,3533.0,3287.0,3078.0,2862.0,0.8475135467848576,13957060.7696,0.0,2098.942782450251,0.19652952634905368,1655.0923920734624,2249129.578549456,0.6862713409308144,6.628797938251534,8.208308592148592,2.625469801282407,0.0023891259053477527,0.0013033339948402463,0.33227159686169694,0.4253559192252614
s0611106,20.14288392857143,645.42,1170.732606395892,0.04,5.79,25.384999999999998,399.15,645.42,435.95,160.36,184.58,625.74,224.97,23.614944444444443,22.622152777777778,24.81736111111111,9.8234375,19.796881944444443,20.281791666666667,20.043618055555555,1481.2809609420115,1363.1429471343904,1939.5289190911915,295.81940367225525,749.9186466295556,1168.8352761483675,1054.689036726845,24.44875937017287,0.006383708611226126,255.81599043047143,1.0046733619105732,1.019331029512307,2.4535898477027414,4.242060870313175,2.0,2.0,2.0,3510.0,3292.0,3072.0,2911.0,0.8673799492484198,15889630.5313,8.1221491470723115e-22,2554.81949049243,0.16179809978085383,1794.2174385196993,2345168.1582702943,0.5362755394908276,7.629991000516195,32.751402323467644,3.8809334588250386,0.0,0.0,0.37864876055525315,0.5531530126037837
s0612205,28.48842162698413,662.19,2096.4280851263106,0.0,4.575,41.23,547.35,161.78,206.79,257.16,662.19,316.77,265.71,31.890270833333332,11.282319444444445,20.741902777777778,30.209708333333335,37.89655555555556,34.70169444444445,32.6965,2481.3856393289648,559.6759698770363,1311.627892415836,1812.7415832366214,3109.4511414284566,2913.5673291629982,1979.5104694649087,85.90326321014523,0.004876037660558552,330.6912034880011,0.9868303151601361,1.0174029742393278,2.3699885559707283,4.073048035267281,2.0,2.0,1.0,3498.0,3334.0,3174.0,3047.0,0.8008748014940047,29310727.551299997,6.760113291658765e-22,2650.3950797947086,0.2860539352845063,1653.071955126495,2330125.5904606553,0.6511187362996166,6.244866101496166,9.929053763611417,2.413347113777571,0.0,-0.00039194284580273866,0.5284288746598873,0.33244807221803685
s0612304,30.35500198412699,498.5,2245.460628852065,0.0,6.04,44.59,466.89,350.3,498.5,317.44,441.02,265.6,373.89,35.86217361111111,32.29694444444444,20.753097222222223,28.612166666666663,36.14078472222222,27.718381944444445,31.101465277777777,2905.1981214013886,2258.6930801636922,1601.3632968633715,1922.791961250869,2752.5977196756553,1674.3515961986993,2442.1544708883016,28.386397403930587,0.005962355605402376,272.9841965122018,0.9866843529763765,1.0176007436809629,2.366046808170765,4.0664142938607135,6.0,3.0,2.0,3638.0,3459.0,3296.0,3137.0,0.8731936871602063,31919973.2244,3.876503299855234e-18,3380.0093194694005,0.24733560758335843,1806.727306516761,2345894.588804102,0.5323920038874468,7.795093513936874,7.176925738415584,2.266376281474415,-0.01117868836194067,0.0050322484619964285,0.4541617239655813,0.5047925137737397
s0708204,24.498330357142855,436.7,1420.7174632999215,0.0,8.04,33.8825,347.36,272.55,192.42,229.1,289.94,327.36,436.7,26.606402777777777,19.72947222222222,24.696833333333334,20.684493055555553,21.38008333333333,30.595326388888886,27.795701388888887,1781.8563948341828,1130.841809589221,1127.784494899236,916.0070222584648,1268.7719997150798,1712.8619345702546,1913.2129674020825,16.590036078299526,0.006092225172680683,262.9824181769655,0.8950600770290336,1.0184155777486399,2.4151236082731,4.173569298494101,7.0,2.0,1.0,3812.0,3566.0,3342.0,3147.0,0.8765723705106677,20369106.6707,2.3474956441320662e-27,2760.5283022638982,0.20628561112936986,1766.6027580580658,2290984.0032139025,0.5937839066307705,7.645650892992677,9.547466815381792,2.552327556064677,0.00845520388927473,0.002313951180789839,0.361185723555948,0.5321808516593535
s0709213,26.575536706349208,718.26,1976.1928001484685,0.0,9.23,36.8425,238.93,528.03,239.87,718.26,218.69,249.44,338.37,23.875416666666666,36.97448611111111,15.291291666666666,37.513687499999996,29.217243055555556,21.215631944444443,21.941,1237.173815253649,3610.9999831964715,873.399589991313,4094.555275691015,1350.8212697393537,1041.1634736795916,1213.5922184572619,69.93204130439355,0.005419185838946295,293.59027413766944,0.9444867880960212,1.0185628932746489,2.4139023573378307,4.174641834641412,11.0,6.0,3.0,3880.0,3646.0,3423.0,3223.0,0.8498219429766086,27037139.477099996,2.5523209724307218e-30,2822.7266889835437,0.1958464525449287,1623.7047522240175,2266058.45580661,0.7081162376090003,6.267512466519625,47.049828190705064,4.9823253872111986,-0.016312134140291694,0.0015280809684461208,0.3934023486671378,0.400028470041004
s0808209,28.52927083333333,699.43,2425.1087269313057,0.08,7.925,30.9325,311.83,309.1,699.43,348.72,181.4,293.2,417.63,33.76275,31.88266666666667,20.57942361111111,35.87863194444445,13.543291666666667,26.46375,37.59438194444445,2324.3998855524674,2593.6153600833914,1917.296645046275,3516.582951080551,653.440087003127,2014.5575969075749,3498.785829221631,77.8116557924383,0.005235401028569872,304.8790674428645,0.9200238404014336,1.0198296371550195,2.4811726338587112,4.307892678338924,1.0,1.0,1.0,3193.0,2980.0,2792.0,2645.0,0.8149788184592318,32646977.345099993,1.7018734666996623e-27,3002.9549465984333,0.15293224051744936,1639.7128473074708,2299932.0797356204,0.6784721436252187,6.270083043372815,11.277357588515661,2.8487682122485323,-0.0037116777458081154,-0.0011951776146060732,0.47629957746225055,0.3689342487740157
s1009302,29.631553571428572,333.59,1909.0144810071506,0.0,8.9,42.765,333.59,191.25,273.18,279.73,288.55,322.78,256.33,32.351708333333335,21.388034722222223,28.825763888888886,33.726215277777776,30.83198611111111,31.803243055555555,28.49392361111111,2311.281050449967,956.5923768855205,2069.3805257538033,2192.4974881676603,2002.9633624181513,1790.7766961465788,1947.2781030796407,16.703645312045303,0.005404041891546678,295.9653977243667,1.0116486576316193,1.0184458085693917,2.416123448578747,4.174029575130305,21.0,9.0,2.0,3798.0,3552.0,3370.0,3205.0,0.8676199587586522,28091488.942,6.978638533159719e-25,2875.4664600026204,0.2323248915007145,1720.3370322627875,2297765.744127505,0.612061875864239,7.071601824522848,4.154284123708157,1.9840621593240433,-0.0029824387340013888,-0.00013544354038499688,0.4690582125821925,0.4297243314008123
s1010203,19.59897123015873,250.73,847.1123557924058,0.0,9.3,25.9025,223.53,220.53,250.73,200.49,171.08,205.27,205.79,21.679590277777777,19.24723611111111,22.567354166666668,16.396805555555556,18.65913888888889,18.195006944444444,20.447666666666667,819.9253800265893,909.8522675467143,1202.3559274630825,693.9212373214417,566.5101572843803,830.2607727588119,883.3814684920102,4.5154233283087155,0.005573669649474114,282.2416916487413,0.9432698250742282,1.0188005476649213,2.434091760719453,4.215516632412706,39.0,13.0,2.0,4212.0,3855.0,3520.0,3254.0,0.86821950269727,12409971.740699999,3.6415690575021664e-29,1971.318879379995,0.10627381025355379,1670.0714463246402,2210053.91941926,0.676741043269937,6.981957468507664,9.42270051778377,2.6765787769815184,-3.174918146641532e-05,1.5876165905933717e-05,0.3795702199006129,0.4551507899817989
s1020401,37.19475595238095,561.77,1954.137580970299,0.05,21.36,59.525000000000006,241.7,211.65,367.72,226.08,184.39,561.77,257.82,34.20079166666667,33.242222222222225,49.34001388888888,27.64929861111111,30.68548611111111,50.20972916666666,35.03575,1713.2044537161205,1571.2783416879017,3088.556520917109,1173.0415154910324,1503.2878482694387,2346.6139626090185,1811.1641942946499,79.93846992799038,0.005171740672833527,309.7626475244414,1.0812340345790832,1.0187364571939403,2.433097797555967,4.191226509767923,2.0,1.0,1.0,4626.0,4316.0,4039.0,3758.0,0.8692572397616644,33640927.3718,9.428265627658878e-25,3011.6256379238107,0.21133644396996246,1725.0491673980991,2310567.885353079,0.6100887568437167,7.076327806940448,4.924446002533782,1.6931684452276738,0.0,0.0,0.469714023218313,0.4604997397664756
s1308106,46.94712499999999,558.07,5553.10833006077,0.0,10.04,68.3625,527.61,536.31,431.74,426.91,395.27,421.33,558.07,49.10286111111111,49.7870625,31.961111111111112,47.349701388888896,38.46084027777778,45.533361111111105,66.4349375,6563.082985692998,6587.945071212206,3469.1632294803508,5343.347659049054,3285.8025361245786,5696.803174379584,7257.041603748691,115.20761932780351,0.0050018565358690035,320.0177357491071,1.0265747135981125,1.0177223132270534,2.38358390405471,4.098664252032685,43.0,12.0,3.0,3662.0,3497.0,3339.0,3191.0,0.8096368955518878,78186426.92000002,1.4355299063014663e-28,4440.452005775989,0.17840768791500428,1623.416008712152,2295123.5098046,0.7048742549808911,6.149868850372519,6.2197278048104,2.317522336418087,0.006135529318384761,0.0014715221274062317,0.4758079081695879,0.3522903684394536
s1309216,33.25253373015873,461.02,2060.866987805193,0.0,12.225000000000001,50.7575,307.86,461.02,338.29,308.33,381.46,211.4,265.8,38.15970138888889,33.159875,35.73585416666666,27.52590277777778,36.523180555555555,32.98039583333333,28.682826388888888,2622.801351752325,2550.1292422359297,2530.280625677118,1653.5684364325152,1947.7659259437498,1463.2521660002596,1572.0947902686573,15.78391290042162,0.005103873332377942,310.4314138288691,0.9167341843763015,1.0187779307435916,2.4276655689302453,4.190976817058376,3.0,2.0,1.0,4025.0,3793.0,3576.0,3355.0,0.8416900710672494,31917246.844800003,4.7624697092093193e-26,2894.961982479217,0.2028431074401999,1637.2769082913599,2251817.8281701985,0.6970605611722129,6.459250126163754,4.0150965674972845,1.8240901043895246,0.0,0.0,0.39489881178907593,0.4034765716083345
s1408101,43.314816468253966,780.77,4837.647334662215,0.54,17.63,50.8425,625.59,691.23,780.77,671.09,637.9,407.58,726.33,33.00830555555555,60.84359027777778,52.701097222222224,38.184194444444444,41.766868055555555,30.283888888888892,46.41577083333334,3188.7091714145604,6705.946493355282,6975.0360345145245,3848.2094673144925,5039.826199704607,2409.9123091189904,5005.844568689623,118.28746050731189,0.006517770417066057,250.85052531600462,0.9891913974915995,1.0192521447662692,2.440103841716299,4.219356824885755,23.0,14.0,4.0,3669.0,3343.0,3085.0,2836.0,0.8613095737590278,67670474.6089,2.1490592418871702e-26,5383.050090162639,0.09384364718845058,1810.941822542429,2346412.285875806,0.5094489401361081,7.815529383908325,18.351274316420138,3.441257202351543,0.006064093660085325,-0.007546140107164119,0.3617675310692848,0.5942992631508955
s1510114,33.30464682539682,597.06,1941.8900924439627,0.21,18.43,48.74,380.36,441.12,422.65,438.91,331.9,313.7,597.06,31.743027777777776,30.617743055555557,52.985479166666664,40.23509722222222,27.3313125,20.80182638888889,29.418041666666667,2227.9540920075656,1520.137953554504,3207.614582814024,1638.8045740002713,1439.2475376090165,1174.1212588579554,1740.8629443207085,108.68855862611605,0.0055704818990621454,286.05639658192206,0.9443267505661839,1.018985120198869,2.4416648306832975,4.222587914104786,4.0,1.0,1.0,4567.0,4273.0,3976.0,3715.0,0.8649741887440549,30753041.2034,2.1688235692174945e-28,3101.4663136329564,0.1459986817432813,1709.8247871131516,2259855.662455867,0.6355166319393425,7.150817614917546,12.204054989205467,2.6684606278675487,0.0,-0.001265131970629093,0.3654247120554192,0.4914643787980097
s1709105,17.050453373015873,277.3,634.246152021836,0.0,8.65,21.51,191.05,210.77,243.54,277.3,107.55,225.59,126.59,20.341055555555556,17.4318125,21.662736111111112,17.93982638888889,12.819173611111111,15.829743055555557,13.328826388888888,953.5948329364539,715.2795796868489,922.5224815981396,652.9159148412764,284.42125887185347,565.3677722063445,281.9376881977741,11.0470005727674,0.005932655478187395,266.24523121667613,0.9250946714990329,1.0185100280623403,2.405721438523782,4.136769199602875,5.0,3.0,1.0,4212.0,3805.0,3448.0,3136.0,0.876962194790179,9323004.0053,2.2323927926891534e-29,1818.684351969852,0.1129555106269452,1709.270679481103,2219644.4646852217,0.6454171889878259,7.3556309925168994,9.722954295217047,2.691223338957653,0.001965472765155273,0.00033091883310180584,0.32119043640089306,0.5174154278827442
s1709111,23.489515873015872,636.21,1748.9179392040342,0.0,4.13,29.08,565.53,636.21,218.2,543.52,245.49,509.61,246.35,25.775465277777776,28.069937499999998,22.770138888888887,23.123520833333334,25.270527777777776,25.346666666666664,14.070354166666668,1649.8916667743313,2192.7595155624545,1305.4793132538023,2403.9203743220087,1504.660523696236,2005.6888981236973,1065.0336831962295,20.366483717009285,0.005322572644442683,291.4848145754412,0.897457314989252,1.0174029742393278,2.3643233544590867,4.056258910969427,11.0,6.0,1.0,3486.0,3290.0,3080.0,2882.0,0.8096504387752123,23189058.057200003,8.24681856042509e-28,2573.1542356998343,0.09347806709677718,1587.6401979961197,2168595.695650316,0.7449304822051503,6.377230738033464,28.033129500700035,3.785071234667255,-0.002878261732314714,-2.9271680889065285e-05,0.37982546118208294,0.37561658493712474
s1709113,17.644054563492062,358.29,990.6635219753935,0.0,5.945,20.255,288.35,355.16,193.72,289.52,358.29,163.88,229.31,23.28828472222222,24.647388888888887,16.474965277777777,22.650826388888888,18.624069444444444,8.038479166666667,9.784368055555555,1203.9191576534138,1911.6812212524121,689.3565822086618,1067.2170901435722,1310.656369807544,249.57553423862046,243.84628452045237,43.723456583597404,0.006135805067661031,265.7689961501775,0.9569051001618829,1.018177288609491,2.4033980017024534,4.144890377755415,11.0,5.0,2.0,3604.0,3327.0,3076.0,2818.0,0.8668403554277819,13122929.265300002,4.785108968155715e-22,2231.5342294932425,0.14518147964622452,1775.0424328143035,2369714.2094006366,0.5369265968690022,7.286570802274898,16.53227517859123,3.464527712527595,-0.001674769322353408,0.0006266124230998214,0.4527602691233554,0.498727698364512
s1810208,23.555867063492062,493.66,1541.8259233278961,0.0,7.22,27.0625,339.18,217.92,180.64,353.16,298.42,212.53,493.66,31.880430555555556,26.95965277777778,10.875722222222223,23.818194444444444,26.030562500000002,19.796111111111113,25.53039583333333,2355.8786273336045,1388.7443996013808,373.2120848150724,1990.1523524013596,1598.2032399196498,1017.9663497027268,1808.9707195791345,44.316274926736575,0.0052673484760153814,298.71028043216006,0.9849184300233319,1.0179461887612347,2.383234248276777,4.101828527532742,2.0,1.0,1.0,3582.0,3252.0,2975.0,2759.0,0.8172302736413247,21133242.5222,2.682450824270629e-27,2431.113038239892,0.0894107229863433,1620.8684324114652,2215935.1072257995,0.6927806695947403,6.4377077034246115,11.243614391979053,2.8652814814635557,0.001427721004067864,-0.00023665409803532445,0.4450020517135535,0.3803273140963573
s1820403,33.069469246031744,734.87,2778.4555117035884,0.0,12.335,45.265,481.42,545.6,312.12,259.86,252.64,480.19,734.87,26.74779861111111,38.05458333333333,54.75884027777777,27.825166666666664,11.624041666666667,29.47340972222222,43.00244444444444,2047.3788042540627,2594.6921151841557,3550.091196499834,1483.3878779430174,511.2804837230716,1844.1808923962908,6294.725523276949,189.04140197156082,0.005075800233132513,312.2441154872482,0.9042556404779055,1.018525134382892,2.4331830312791474,4.2189843103260145,9.0,6.0,2.0,3852.0,3590.0,3383.0,3166.0,0.8388443606602912,39027438.2483,8.704115601688626e-26,3183.609632241365,0.2061669068328567,1618.2770592805805,2243658.0883771656,0.6846582993904036,6.274706922230121,24.373009183688023,3.6718049475552665,0.008053378311340412,0.0018341932923199046,0.4319481843973614,0.3619251203894302
s2110309,37.55599007936508,658.9,3869.34901362427,0.0,14.915,55.0575,212.95,334.26,281.88,658.9,301.12,403.76,279.47,23.189097222222223,38.192499999999995,25.287833333333335,63.41825,35.792347222222226,40.341055555555556,36.67084722222222,1086.327325522161,2168.281265184156,1466.673733870746,14429.475263231372,2042.694068287971,2896.5636580928135,1973.0126411163244,172.97123618452375,0.004763334683326027,322.3909221410328,0.9421279507412545,1.0178968900913368,2.387864098305712,4.112289234121138,48.0,32.0,17.0,4098.0,3831.0,3596.0,3371.0,0.8307327395741707,53216528.80800001,1.4344790570399426e-24,3488.6918843744284,0.11023674350616541,1534.101896727389,2146123.0892615747,0.8020162939560482,6.038124788303725,28.90939301737583,4.36166413260924,-0.00104673082647088,-0.0005412780313554277,0.41062164432149234,0.3120828332298216
s2110704,40.86087896825397,605.4,3325.024122136357,0.07,17.455,57.9775,425.69,446.59,605.4,241.81,211.89,468.76,275.37,48.11438888888889,52.53393055555556,47.672173611111106,34.2964375,24.52692361111111,35.39917361111111,43.483125,3324.592196707593,5310.011244303719,6197.069768517443,1890.2869691621843,1309.496874684918,2053.878124056012,2621.4295563151495,96.97727721648111,0.004781826341963218,334.3154678830333,1.067704239516459,1.0193347848564003,2.4578498046782955,4.250614368601573,16.0,5.0,1.0,4047.0,3736.0,3494.0,3246.0,0.8588113449114627,50342601.342,1.2464942057608774e-17,3405.670652984519,0.3367663381799214,1646.809673163105,2294504.239728823,0.6849635151421385,6.370845003400111,9.352794532632876,2.4593707969178755,-0.002305784303998412,0.0012919230005953566,0.5372450026444222,0.3460931856975836
s2120305,21.26418154761905,288.97,918.1143058287298,0.0,9.25,29.32,288.97,172.28,261.92,225.25,182.63,205.36,133.76,16.757458333333336,17.379868055555555,30.278416666666665,29.03865277777778,16.267993055555557,20.346520833333333,18.780361111111112,905.8408204986113,693.3530172862613,1389.2131496803336,1121.4452915819247,589.3008758164918,905.1824393810813,617.0767446923023,34.84510795340517,0.0048399452583203426,328.8742275351186,1.0039723360769985,1.0177602826996854,2.3669357110473355,4.04914641138818,11.0,6.0,4.0,4069.0,3770.0,3510.0,3266.0,0.831091213418462,13811501.490700003,6.287426745582914e-22,1805.7816769753758,0.16459305027297144,1613.6052073369706,2280044.396625203,0.7164913823488132,6.134669606820277,7.092336349186812,2.26730436157489,-0.0008363924992558785,-0.00219984123834094,0.4763149595975197,0.35238408374148633
s2308201,26.537148809523806,547.8,2240.7071069011595,0.0,6.71,31.455,438.92,482.79,338.63,285.36,547.8,396.71,363.31,25.966715277777777,28.63167361111111,14.43488888888889,12.392798611111111,35.17563888888889,24.947277777777778,44.21104861111111,1978.8700487583503,2460.388000602222,774.4432049911218,836.2264757620553,2865.7121512246144,1698.641554919311,4338.738605918413,123.45961687099499,0.005624220669326601,289.6481206985672,0.9398725682789926,1.0184420300628254,2.422862353697588,4.191394294373274,7.0,3.0,1.0,3421.0,3186.0,2975.0,2800.0,0.8234031845949585,29682627.221200004,7.337451600275187e-26,3076.4024937904337,0.14743653254591974,1702.3146341717763,2365370.8445951296,0.5977922946014858,6.531164460103964,14.423755630041864,3.2478342653750274,0.00820914773291001,0.0041451676920023816,0.4335702642072555,0.419067298710959
s2309206,17.398556547619048,857.24,1563.405520577217,0.0,5.25,17.67,358.14,371.33,206.01,496.14,646.01,857.24,290.13,15.210833333333332,13.88751388888889,13.265173611111111,13.64975,25.74925,21.64279861111111,18.38457638888889,775.8472918693539,907.4660999998065,483.5252779406509,963.6246968102853,4346.232088665741,2348.8615825028487,987.7332719538563,22.828644233594215,0.00669171234721415,242.81386809077122,0.9418193474168275,1.0191205745401615,2.4448105895093764,4.221961755553263,8.0,2.0,1.0,3259.0,2990.0,2762.0,2541.0,0.8310538213744391,18808878.722900003,6.951582502934439e-28,2913.7265389360064,0.07199116690599293,1762.0657142946961,2352487.924667252,0.5792633759010459,7.2647282609343415,99.48747736636776,7.918407424992281,0.0035469788669510866,-0.0016605477277237544,0.3448522532639294,0.5387763117047288
s2408101,43.383650793650794,682.39,4062.94696158853,0.0,14.95,63.3275,332.97,410.0,507.49,499.91,308.69,400.24,682.39,47.83883333333333,42.77631944444445,47.835125,57.062361111111116,26.644694444444443,41.618861111111116,39.90936111111111,3918.7315609729035,3380.246592976413,5977.6735202067375,5790.93328573469,1862.3208477175513,3082.3094206617225,3922.4730285005016,87.08634541180741,0.004996829910882729,319.09653220340715,0.9745950326117417,1.0175779379741816,2.359447778301181,4.0346525322400195,7.0,1.0,1.0,3837.0,3615.0,3420.0,3234.0,0.8279541294970645,59922425.280200005,7.944591850226182e-21,3881.85623821903,0.24730807503770355,1672.1340116801873,2281241.8197105504,0.6394780679834723,6.640148896575805,7.531512593625985,2.343981786188287,0.002260144855640441,0.008080472315935701,0.5034694118615562,0.36797668014173907
s2610104,31.292754960317456,479.07,1922.1474325423903,0.0,12.274999999999999,46.96,479.07,219.69,224.3,263.59,256.68,284.75,404.75,37.76585416666667,27.435777777777776,20.669048611111112,31.14463194444444,31.71265277777778,30.714145833333337,39.607173611111115,3568.630236517983,1028.9625084981847,739.9335965229989,1631.9163595586708,2096.714270789704,1777.0605930155493,2380.359654479916,39.8838372572453,0.005116267187446332,314.7650167827579,1.110416593552274,1.0182756778240956,2.412902817137819,4.168561185935418,9.0,6.0,2.0,4144.0,3913.0,3686.0,3458.0,0.8675883512194058,29244028.023700006,1.6486402390230086e-15,2777.8065088483036,0.32490702233672997,1741.0295204026277,2302869.7411416904,0.5686779283016435,7.248581518388363,8.55065046559753,2.2861485621746187,0.0010318483976584979,0.0003522524310379043,0.5404512112163217,0.39829040238604624
s2908203,12.39669742063492,324.13,521.9387724930184,0.0,1.79,13.844999999999999,237.81,137.23,175.13,123.33,297.02,224.0,324.13,12.05375,9.289173611111112,12.394673611111113,12.344541666666666,13.193187499999999,16.540270833333334,10.961284722222222,565.5691711952743,306.8195468496154,466.23156723182547,464.5136357870046,545.8603081788572,688.8688409967845,588.2229468542495,4.9401746943778475,0.006270260966342817,255.7597552839577,0.9156488690862786,1.0172239872510527,2.34147255598634,4.00448297146365,6.0,4.0,2.0,3254.0,3053.0,2868.0,2696.0,0.8339575668182149,6809696.2058999995,7.8320000824625735e-28,1642.7706717920187,0.0776147283336584,1725.3957139020736,2281448.785242154,0.6042653256602478,7.189872939964511,18.72120289427438,3.3028424843265927,0.0010268875880543706,-0.00023268505655884092,0.3397487813086492,0.5129994229916822
s3110310,22.19967857142857,344.08,1107.0584192835174,0.0,8.02,30.6525,344.08,160.47,266.15,225.02,216.81,197.36,285.37,29.429430555555555,17.10964583333333,19.32065972222222,21.43279861111111,17.357576388888887,19.65798611111111,31.089652777777776,1636.7080659715464,653.0008577619002,815.091115130829,1063.2261149559397,1113.186834636273,938.2458930922327,1338.4374050218137,32.665399488839284,0.006121247870318197,265.4045787222409,0.9411708745018044,1.0167736328274286,2.3188762338930387,3.9514213266333638,3.0,2.0,1.0,3865.0,3621.0,3379.0,3138.0,0.8709302241449668,16125725.152999999,1.2817741670804115e-29,2467.7755849752625,0.15671289280258924,1784.8121322066277,2331934.092941204,0.5419660265380342,7.604342778725529,6.076675567222109,2.222380438574897,-0.0014604623474551047,0.0006236356419924589,0.39768238798655187,0.5457871947975955
s3111412,25.78355059523809,1016.06,2999.92974650503,0.0,6.525,30.0925,1008.07,1016.06,207.38,724.49,737.84,316.04,249.94,34.54224305555556,34.35222916666667,19.983180555555556,25.896458333333335,25.49233333333333,21.877652777777776,18.340756944444443,6567.45599739745,4042.99618953744,703.8506104468764,3879.918148809937,3355.7459988603173,1127.505892332445,1079.8368926163532,42.42166823530278,0.006503468467685813,242.15328542819245,0.8926478277355386,1.0190491005579607,2.435066727932375,4.215332262444594,7.0,4.0,2.0,3399.0,3164.0,2959.0,2782.0,0.8578760851668371,36937390.0465,0.0,3968.325276435892,0.11985675770711063,1708.1686065258893,2187214.8929921417,0.6223735282389266,7.469693829476972,60.47439522882237,6.072919925391453,-5.7545391407877774e-05,0.0004852153205000991,0.2862331736145686,0.5208180137914044
s3120303,20.666105158730158,330.53,835.7974308650196,0.14,8.895,29.27,126.22,170.28,330.53,211.79,237.99,157.39,260.21,11.722284722222222,13.425506944444445,23.918625,19.090069444444445,13.83925,16.409590277777777,46.25740972222222,273.7809763608507,294.3557312230234,1098.767872743223,754.6419395365223,480.82900499652516,630.1971694636995,1455.7733360933023,144.1866166572053,0.005917397848224866,274.6343952444584,1.0499314543329006,1.019994212939871,2.4844737988534065,4.315102506988417,4.0,1.0,1.0,3990.0,3698.0,3464.0,3252.0,0.8951901043979063,12729048.3622,5.164162605972878e-19,2119.48047049271,0.2771794108364206,1824.0361367963646,2336249.4879016415,0.49927825533607667,8.052851596915964,7.267334356178445,2.2737882408225514,-0.0023930945530310542,0.00041476483429251835,0.4876003831445549,0.5332616613562088
s3120314,33.61278174603174,506.3,2024.4146899096975,0.0,12.19,54.402499999999996,325.82,350.82,331.98,460.7,326.28,506.3,366.03,26.850333333333335,40.55571527777778,40.58439583333333,27.9859375,38.233979166666664,29.682895833333337,31.39621527777778,2137.367567783182,2183.8566427124842,2213.084597688932,1563.6074326159626,1993.254725572878,2031.4584839641245,1840.6518090849672,35.98540825125155,0.005328522102134276,300.2163774447326,1.0324684153366661,1.018207569356855,2.41429089399593,4.15798890201471,3.0,2.0,2.0,4220.0,4015.0,3824.0,3631.0,0.8327863227997047,31792652.154400006,5.1195016385602204e-23,3016.260501730578,0.2126998170888688,1700.7225619347437,2289437.8560080575,0.6187100147970754,6.888280648709506,6.169995909905143,1.9636053989496085,0.004606607798392698,0.0038460011907124427,0.4385202332303713,0.4458828503715921
s3120404,18.16501388888889,455.07,1156.5698128582253,0.0,2.465,19.8125,216.22,200.82,310.79,455.07,358.0,233.19,260.62,15.322625,13.242993055555555,23.566395833333335,18.547638888888887,17.939104166666667,15.688541666666667,22.847798611111113,835.1001969961793,693.5432483668739,1214.1471210523798,2113.7084668326816,1145.495185228891,755.3014184416246,1253.7138655466272,14.95653585075875,0.006435088339787663,248.1738395831766,1.0280457514361492,1.0160070855494614,2.286897477666488,3.8944159574872317,3.0,2.0,1.0,3166.0,2975.0,2786.0,2644.0,0.8771383612625641,14983141.858,7.75537815580252e-27,2500.841830204382,0.1805065974166651,1768.0103190410034,2273861.6236133296,0.5801673732327799,7.74797433170862,14.802385178213921,3.171739102528112,0.0001537850977279492,-0.0001413971025997222,0.3957351238855605,0.5365165853940755
s3408210,30.797294642857143,347.35,1930.7478666459879,0.0,11.545,45.655,239.81,230.98,198.21,347.35,333.92,285.07,299.9,27.04640277777778,31.286784722222222,27.39435416666667,33.94860416666666,28.052645833333333,29.672312499999997,38.17995833333333,1589.8446978223717,2243.352926346954,1254.611673800816,2066.8510022893497,2151.602280902972,1946.5758330780916,2171.2561920760986,16.520325166117804,0.004826219316683455,330.5100229793276,0.9940174956178149,1.016953180142455,2.3308342159420814,3.9778343671519374,23.0,11.0,3.0,4013.0,3770.0,3533.0,3323.0,0.8273341777580886,29020619.1897,2.0308190430270044e-26,2610.2937763018167,0.21017321556632995,1620.9553852472172,2284867.920317259,0.6994902512919255,6.168019530475437,4.871813403818625,2.02465587147372,0.0036888580216291296,-0.000392438975987299,0.5034793503418021,0.35013519454156233
s3508203,22.576536706349206,546.14,1359.064477348588,0.0,6.31,30.36,199.3,485.83,266.11,174.85,391.07,546.14,248.48,16.37445138888889,22.858375,22.99647222222222,20.008902777777777,29.70136111111111,32.51795833333333,13.578236111111112,845.1053097752589,1499.4237338412067,1116.8212573168091,898.1895148480814,1913.890653184313,2431.8214069475343,537.7956684640184,45.97979755064805,0.005600702257461449,285.50823660255236,0.9595720724284135,1.0168577041373672,2.3446796223503235,4.0214918924907685,3.0,2.0,1.0,3721.0,3505.0,3287.0,3111.0,0.845937912211708,18835786.964500003,7.293951090121451e-23,2440.413521331989,0.2576197483200045,1708.7226026915484,2286189.2258841805,0.6265966271122019,7.009575763378151,15.480589294286666,2.9830692671055785,-0.0001537850977279492,-0.0006509228021432824,0.45420151554647853,0.43477978027907205
s3608104,13.552349206349206,320.53,772.4768201181461,0.0,5.73,14.76,293.35,134.8,144.68,150.09,320.53,293.42,264.83,15.642173611111112,9.601645833333334,8.462159722222223,10.77998611111111,19.647229166666666,16.30002083333333,14.433229166666665,1077.8837967314798,222.14073481541016,248.02630895292793,285.78599583024425,1299.6243566673902,1138.0833703261824,1039.9005789328544,16.507443317559055,0.0060513992288045056,256.95041097430635,0.7676926730135013,1.01845336528599,2.4052512680211757,4.1497930506759815,41.0,13.0,4.0,3792.0,3397.0,3051.0,2743.0,0.8802268870316425,9637148.8536,3.735378375157411e-30,1886.0727518841895,0.07465046955884687,1647.2747852549178,2172199.629412147,0.7100192484735903,6.9426078987154245,33.547301398575605,5.088314174035404,0.0008611965472765155,-0.00015628100813653504,0.29412590963426855,0.45689244858127026
s3809205,21.346949404761904,794.9,2511.647935042583,0.0,3.25,24.7725,794.89,198.62,188.11,751.28,445.72,794.9,172.39,26.786305555555554,20.578791666666667,16.71392361111111,19.728597222222223,19.054784722222223,27.005555555555556,19.5606875,4972.015591206084,1173.1742427362744,873.2808780622616,1668.278197474906,1360.8266972434076,6519.219385792603,930.4219704095716,15.787537921870404,0.005412252387191736,286.2686923207988,0.9324166695036774,1.016880624155245,2.3393715540882196,4.000103272734025,28.0,26.0,18.0,3267.0,3068.0,2908.0,2752.0,0.8374804248855796,29908277.406099997,4.776505297976148e-27,2971.4942206909977,0.06488681624226184,1553.510151341634,2146408.911904535,0.7838431497099354,6.151371227665245,113.08889962303601,8.698943915422825,-0.0020954459767834107,-0.00014139710259972258,0.32028899861412824,0.3487976671837813
s4210201,28.151132936507935,785.97,1716.7116441771868,0.11,11.66,39.355000000000004,298.21,328.13,454.08,260.03,785.97,243.55,168.49,22.211597222222224,30.967374999999997,31.313458333333333,33.537618055555555,31.885131944444446,33.25920138888889,13.883548611111111,1233.3996875096525,1727.1918047793606,1943.9247976216109,1808.078603425938,2461.349377744915,1947.1883214604595,576.9575274264046,54.30381701706256,0.005741065827515496,279.7526557310786,0.8767225896669144,1.019915688721565,2.4785492563057985,4.315150172603051,2.0,2.0,1.0,3999.0,3723.0,3462.0,3244.0,0.8239246313170067,25290998.4206,1.430177383943256e-29,2898.716748511313,0.15425973279395006,1704.1273001060085,2301233.3828244973,0.6266042799451226,6.883591329031507,24.32356965999253,3.201760497554305,1.8851076495684095e-05,9.426473506648144e-06,0.34348100124873426,0.4856202202231843
s4508201,13.155000992063492,329.02,565.9014850282756,0.04,3.09,15.26,240.49,179.89,162.23,106.22,213.5,180.25,329.02,14.080680555555556,11.263520833333333,12.916131944444444,7.660902777777778,14.496354166666666,16.074159722222223,15.593256944444445,572.3315567290173,365.70697946447234,496.9540969804935,187.10728883001326,671.1565693949794,616.1222543316636,1003.3132479672913,8.490426929244288,0.006140789473020871,260.81061439050245,0.8113198183571783,1.020367555375231,2.4944808928135616,4.347052367567224,5.0,4.0,3.0,3538.0,3275.0,3047.0,2809.0,0.8468709182062929,7448105.9026999995,0.0,1682.5864841071318,0.1519404445803686,1726.1414471304806,2283367.5933802705,0.6201067982332362,7.2162058626074606,21.205162664932008,3.6382498089296815,-4.9608096041273934e-06,-3.2248461996427856e-05,0.3336713173794432,0.49635969973743277
s4708107,39.270768849206355,614.58,3138.1610914318303,0.07,11.6,63.735,453.44,405.89,461.68,508.7,614.58,367.57,417.85,35.79624305555556,41.429069444444444,45.709666666666664,37.17798611111111,50.22152777777778,27.960097222222224,36.600791666666666,2802.74285043428,2877.3743632752307,2934.872543599723,3736.2464163722934,4619.482788074282,2018.5914387674711,2673.132396454131,52.924821260524595,0.005563213559591282,292.43423822134076,1.0175920777451248,1.0195636768005716,2.4787174900365825,4.314303654914966,4.0,2.0,1.0,3837.0,3676.0,3524.0,3358.0,0.8659257833369791,47174833.96350001,4.950354550922223e-22,3836.2878653198068,0.2663618445497115,1768.2056622991654,2365165.91678147,0.5581427917668276,7.256756586599708,5.913667954418859,2.0483205887287204,0.0,0.0,0.48268325030370235,0.4652964054173555
s4709210,25.965375,395.21,1512.3545869215698,0.0,9.695,35.665,260.7,321.35,395.21,229.03,302.24,307.06,248.65,31.79175,28.385319444444445,27.035999999999998,26.833861111111112,17.279374999999998,23.01222222222222,27.419097222222224,1589.8152650382187,1623.9422575768294,1921.891046115357,1463.500573684658,1340.1539312282835,1161.0100352250797,1364.4016179474556,21.330716399819966,0.006241656240183367,258.71611964518837,1.005189170637246,1.0183248472983624,2.4256767041421705,4.191114416259056,7.0,3.0,2.0,3933.0,3678.0,3455.0,3241.0,0.8683738777253467,22038964.9264,4.710742789231852e-30,2941.8454345359482,0.08178758608952971,1782.1801417883044,2306572.5139720673,0.5456604266886924,7.696997772650803,8.015464409897588,2.4483737654246402,0.006392499255878559,0.0022578884699345106,0.3546929425441848,0.5677650158828946
s4710104,27.47365476190476,585.97,1416.6671956700634,0.0,15.165,38.0925,585.97,216.88,333.25,370.85,218.18,323.18,190.13,46.59720833333333,21.3421875,22.46270833333333,30.600375,18.38723611111111,28.876215277777778,24.049652777777776,3432.3436661414216,641.5092250238878,1146.3569930767883,1301.0464821386386,810.5511231408757,1225.8291965762767,830.1240401851206,89.07418750431958,0.005582342087497863,290.88750283722237,1.084354167266881,1.0190227591321197,2.4342086557973865,4.204913686117754,2.0,1.0,1.0,4473.0,4147.0,3810.0,3482.0,0.8749380199474383,21886989.8614,1.4296633336118953e-23,2618.7404616723666,0.20655560577227414,1744.2163132882156,2353710.2958321637,0.5751431913635127,7.050408427341695,15.758490980142653,2.874970288413471,-0.011092370274828853,0.0006042865647946031,0.4804254050747055,0.48028567573585473
s5009113,35.96161011904762,647.72,3408.14332235021,0.0,13.31,45.11,341.28,482.76,647.72,534.17,533.29,590.6,351.43,33.22230555555556,28.57422222222222,29.292,37.90195833333333,54.166090277777776,35.333083333333335,33.24161111111111,2474.602697529921,1923.3008231611477,2389.032208366924,3317.1037676702645,6437.990204369886,4495.145431209171,2384.203726241991,74.92041302260849,0.005517139411209048,294.70600220674055,0.9665555395368597,1.0186610202348405,2.4164627950070416,4.171862132503996,11.0,4.0,2.0,3706.0,3431.0,3173.0,2954.0,0.8312149657759814,47386509.56170001,6.192614813955521e-22,3812.793480153364,0.18671668696286872,1718.8341614195067,2363020.517740951,0.5786658115596153,6.7059924495899885,13.672124199626065,3.101834380020969,0.00041174719714257355,0.0030581464576304824,0.5051235225374112,0.42320546737547343
s5310120,33.257284722222224,369.9,1994.5981997800225,0.0,13.825,50.76,257.99,253.24,283.57,259.04,288.76,252.81,369.9,34.43265972222222,39.36868055555556,29.02734722222222,32.481187500000004,22.436541666666667,37.44208333333333,37.612493055555554,1721.6703633865598,1742.7083066664766,1624.8439689134027,1973.3406449404947,1663.2221814993059,2903.5453246351667,2130.232500173682,35.13237048186728,0.005439556189008295,293.93791442524247,0.8803404677542119,1.0176387451768147,2.379235859529648,4.0888134867645265,6.0,2.0,2.0,4169.0,3916.0,3664.0,3449.0,0.8447799812542962,31252508.8855,1.7147003991656705e-25,3052.298240441127,0.17354170390329232,1702.9315427084841,2299827.9901373507,0.6165571193717815,6.877075461952689,3.099770580867979,1.7140563341411987,-0.0009405695009425535,-0.00032397301051796066,0.38787813401369453,0.46342671384021783
s5408206,37.18067857142857,732.98,4090.1181001844006,0.0,9.695,45.41,401.37,531.7,403.07,540.88,732.98,534.21,517.84,48.04488194444445,47.69869444444444,32.45876388888889,18.80721527777778,37.091090277777774,37.56552777777778,38.59857638888889,6108.439823335609,4438.3655622971255,2085.1011544125927,1662.6187636784298,3930.564055724993,5754.311090478723,4077.3629813631655,98.45112895038763,0.005530900347413259,289.0583347433835,0.9874511360078235,1.0186006423003113,2.418170792005144,4.175869513876091,10.0,3.0,1.0,3425.0,3205.0,3007.0,2830.0,0.8157154613631034,55158921.15079999,2.4832909594259006e-29,4124.144691957352,0.14126131740377593,1656.5714120056823,2279618.3273457554,0.6606488154795049,6.498108624928701,13.453657653701267,3.0928046933876674,0.0002976485762476436,-0.0012388370708473902,0.43529236998716525,0.4125860063923718
s5508101,24.250329365079363,357.6,1571.179044340362,0.03,4.65,31.3575,220.36,228.04,280.0,238.01,320.14,238.36,357.6,34.177888888888894,18.962131944444444,27.062868055555555,18.995631944444444,18.30290972222222,20.934944444444444,31.315930555555557,1985.3608598903559,1209.9804311014102,1896.3568321438054,1269.835401685149,1244.9923179348605,1355.4761103513245,1784.2929788415975,43.05499778155316,0.005603071552891282,280.29149993759654,0.9096234566907121,1.018864609731653,2.4379493924830733,4.22085921696323,5.0,4.0,2.0,3353.0,3190.0,3020.0,2896.0,0.8257152096255954,21763744.608999997,2.7193573635775242e-30,2624.359005357308,0.09597082978928435,1638.1677064772732,2217822.1318147695,0.6905424627213378,6.612635494012682,5.852429581876226,2.26162033362422,0.0,0.0,0.3345692799688585,0.4349139789610641
s5509101,34.94470833333334,303.3,1855.744545207114,0.0,16.979999999999997,58.677499999999995,247.69,281.76,299.52,298.89,254.69,189.67,303.3,39.80613888888889,38.30553472222222,39.634840277777776,27.28011805555556,33.90322222222222,29.038340277777777,36.64476388888889,1904.5048826492152,1795.065388734025,2182.7343561940656,1495.2211965809115,1948.8299858574655,1339.4538613851737,2177.500390215233,25.75533477742412,0.005058694443666127,317.12027122968067,1.077715384056715,1.0184193569473035,2.397800391344089,4.127627964726576,32.0,13.0,5.0,4508.0,4284.0,4066.0,3832.0,0.8536118547707926,31013066.2874,3.1764820470268475e-25,2828.401552272944,0.19679329252126293,1691.824923257438,2306153.982718192,0.6371393125713016,6.744486004579342,2.383978435745173,1.4899743954689093,0.0028068260740152793,-0.003926870410795793,0.466072996029376,0.42770713576137537
s5509111,41.858785714285716,811.45,5221.1461406227945,0.0,14.19,51.46,811.45,341.79,324.97,511.25,676.26,694.09,323.38,59.26939583333333,39.48323611111111,20.263229166666665,26.448402777777776,57.139520833333336,66.30479166666666,24.10292361111111,9631.800687959954,2721.7485752048124,1392.8964104825416,1981.2235846604535,7439.745399839727,9496.70010864316,1745.1785068739382,359.8332095525241,0.005969624785103815,271.8919499867141,0.8678520458350971,1.018506251235355,2.4222172330544396,4.189333135389828,16.0,6.0,3.0,3773.0,3473.0,3215.0,3005.0,0.849638498157992,70285684.0014,1.0281398415389462e-29,5024.658664546279,0.14128545717009955,1730.0225519520461,2330741.720033257,0.5932594758977985,6.978372961008075,17.405432080338418,3.520874002008104,-0.0012064688957237823,-0.0006196666005159755,0.39504375550167964,0.4797664058730314
s5709002,26.950504960317456,428.98,1909.2565471901728,0.0,6.03,37.144999999999996,310.15,289.62,220.62,200.33,347.76,428.98,337.05,30.55154166666667,15.234430555555557,19.058979166666667,17.489,22.358541666666667,52.89959722222222,31.061444444444447,1866.4905674617792,990.4243771598718,1204.6946763025535,812.9343753717852,1349.9958886292568,4022.942248621531,2111.198781650837,168.89524330559914,0.005662013683716754,279.75204461356236,0.9603216266330823,1.018921111519678,2.4382575283541477,4.2127162145749955,11.0,6.0,3.0,3563.0,3366.0,3212.0,3057.0,0.859864714190657,26564800.292700008,1.9529363164995023e-20,2929.851270798571,0.2685880613876232,1704.6693670972477,2254322.092836931,0.6513802552025985,7.160584112701146,9.313133796894844,2.6034870208804666,-0.001859311439626947,0.0005080373089898789,0.43752454461152895,0.4460765729339839
s5709004,36.06540376984127,379.63,2708.5713557055915,0.0,7.925,59.417500000000004,315.99,338.69,379.63,345.18,279.43,316.69,333.73,22.404145833333335,42.305125,37.50244444444444,48.15954861111111,38.7496875,32.101680555555554,31.235194444444446,1451.1369520148544,2860.370124376307,2577.364365945488,3854.151384438217,2674.689492397068,2166.299066666474,2966.8447729990003,70.02415296176422,0.004995225146992232,315.98895862971654,1.0502522742161358,1.0164291922260098,2.3112403073050096,3.9537211595342567,37.0,14.0,3.0,3834.0,3655.0,3501.0,3340.0,0.832852956695128,40410881.2529,1.8660045552236871e-22,3187.8914773404695,0.18898774657572961,1631.7836683330147,2250385.196330009,0.6886871505398637,6.412167449445655,3.4165289516443016,1.7686230133011824,-0.0037771604325825977,-0.0005387973804326255,0.47637341136610845,0.37226253532151765
s5709010,31.599378968253966,635.28,2211.416476804479,0.4375,12.26,42.715,482.3,279.66,270.11,461.49,514.49,635.28,572.98,30.378923611111112,30.2920625,31.321284722222224,34.18640277777778,37.63670833333333,26.091437499999998,31.288833333333333,2494.817148319384,1931.9693095026894,1973.0017012670392,2530.6889221448114,2353.177856704307,1855.0050249648182,2273.5707869631674,12.808636649865889,0.006014177634790109,264.41560560245006,0.9030558512509914,1.0190867228459277,2.4414600362948424,4.226645497107981,6.0,3.0,2.0,3855.0,3582.0,3346.0,3132.0,0.8426747975390928,32353955.8416,7.269644995453556e-30,3434.2533660899276,0.11258663458351502,1730.0434999748695,2249898.956030452,0.599259559137697,7.40306851437651,15.25683813212735,2.997649649078112,-0.0037116777458081154,-0.002297082754514785,0.33654725399039115,0.5291474150422658
s5709112,22.137047619047618,361.57,1553.2054045775515,0.0,3.785,24.8825,240.36,311.91,282.48,261.53,361.57,288.32,177.71,23.643986111111108,23.762111111111114,29.84879861111111,19.071090277777778,24.551951388888888,25.82851388888889,8.252881944444445,1473.5839439330935,1643.3100389035596,2441.712213635579,1445.0301785880915,1662.4266278086127,1586.981116483476,339.6595093397709,47.66860544549621,0.005442569271352438,288.92276839622605,0.9174850661541235,1.0172430389939975,2.360107862111059,4.055328541716719,10.0,3.0,1.0,3268.0,3057.0,2864.0,2697.0,0.8083850813946496,20594449.955799997,0.0,2479.7342587059607,0.08342307866039346,1609.4921862767305,2225017.64316983,0.7414652065597717,6.35642785270296,8.072504435557825,2.6438954785837336,0.009433475543208652,0.0008439174439372894,0.33085195920854593,0.3927931865483897
s5808207,29.730932539682538,482.68,1989.4468318120973,0.0,7.93,45.33,430.08,426.46,482.68,266.74,267.34,252.04,344.32,24.610319444444446,34.28628472222222,31.18954861111111,31.329847222222224,23.04382638888889,24.975125,38.68157638888889,1525.0589853044146,2209.6938583900355,2474.717645869769,2149.2881760711543,1130.0384700601783,1403.826694772411,2842.55563066129,33.18418672096379,0.005751715345955447,280.99987991900406,0.9653536996603821,1.0169340900072228,2.334227392771252,4.003247410740823,6.0,4.0,1.0,3822.0,3596.0,3401.0,3243.0,0.8474779861209277,28961632.382599995,8.004092082998872e-25,3106.787454799571,0.22162611128742823,1743.3484478450894,2320812.41153951,0.5878373594106037,7.2019710623532704,7.019363617887224,2.217564093382884,-0.007473955749578331,0.0012323873784481046,0.4215570266367021,0.4813636630260208
s5809306,40.01730654761905,566.76,3744.495132331855,0.03,14.15,50.932500000000005,504.29,566.76,311.14,378.46,470.35,350.22,319.44,32.386180555555555,37.512486111111116,31.61771527777778,43.53486111111111,47.36907638888889,40.52979861111111,47.17102777777778,3117.0912747693264,2960.3106100762475,2550.328541336528,4647.652718257281,4944.601910682136,4417.2004067002035,3336.796179623967,42.153571381067216,0.004853632523753575,328.71810538518554,0.833024672395625,1.0193047393747168,2.4623697209601074,4.270016068803535,11.0,5.0,1.0,3747.0,3466.0,3235.0,3033.0,0.8171582480922046,53882725.4579,2.155538644439299e-29,3576.9064640971533,0.18149547789032577,1608.4024217429467,2292853.576332683,0.7202719994967787,6.033652355205489,6.696661246842867,2.372315973660386,0.0009356086913384264,0.002293609843222862,0.4292639369560232,0.3390037103156413
s5908105,32.81425694444444,755.28,3856.0124593148653,0.0,6.625,37.2575,443.99,755.28,474.66,351.12,522.77,551.08,334.94,27.293229166666666,41.69370138888889,39.92561805555555,28.024805555555556,41.57114583333333,32.46277777777778,18.728520833333334,2546.419201448487,5818.38650352439,4545.119960701824,2271.76477661262,6093.02319667087,3800.3320762257713,1474.7498864137433,76.34186420548804,0.005950070651304235,268.5899084110936,0.9359496085013381,1.0163525377070213,2.31757752837102,3.967574780670894,8.0,1.0,1.0,3357.0,3131.0,2916.0,2733.0,0.8426673040565051,49718646.2023,9.458548948073478e-28,4212.199819844733,0.18732130680160575,1718.8228138146603,2259654.6673979987,0.5878741748824232,7.199919051972477,17.865846578655304,3.5967227762071086,-0.0012213513245361643,-0.0010269894820400874,0.42488773349178616,0.45652236320085915
s6108003,15.734541666666669,376.79,1131.708348038744,0.0,1.82,13.675,233.41,341.27,194.63,220.81,376.79,313.69,247.86,17.21954861111111,15.401,13.769777777777778,8.574284722222222,21.103826388888887,16.942736111111113,17.130618055555555,1272.0242059809568,1150.936662237664,628.5305813265379,375.0008641162362,1919.9058264187602,1323.8710720081476,1166.6615748088464,14.947342307581017,0.006192416390515581,258.0154641234378,0.8836897665893839,1.0173991683197965,2.3678552222623557,4.062244988165566,9.0,6.0,4.0,2823.0,2639.0,2474.0,2302.0,0.8544572496800038,13902052.518600002,3.699445089480803e-30,2318.0848080042283,0.14496887651559437,1700.182203086909,2278388.1475735237,0.6446473769659206,6.958326295420376,17.010924752182774,3.6243903627861687,0.0002291894037106856,0.00021333597936098436,0.3511191987723334,0.47109302792186525
s6510316,24.520103174603175,509.46,1681.9472273730228,0.0,5.745,30.91,212.74,347.46,215.56,509.46,272.65,191.04,238.86,21.319708333333335,26.44372222222222,19.723715277777778,37.66703472222222,21.590020833333334,20.763680555555556,24.132840277777778,1067.5905030420433,1990.2472706385593,1008.9424902176956,3077.9366691023365,1473.8012735923373,1282.5783979798848,1646.7492562079685,38.77267488762582,0.00574048817208401,273.77969734598815,0.9674958245070194,1.0180409465757525,2.4178338548924705,4.169994621274558,1.0,1.0,1.0,3556.0,3337.0,3129.0,2943.0,0.8598954727393449,23012799.5384,1.1001956183715316e-24,2764.800629611473,0.21516949623228168,1686.9715128748658,2211472.868148119,0.6549257466944832,7.159912121338693,8.94400465775192,2.6126552883145675,0.0021797797400535768,-0.0005546735463385592,0.3839033028528919,0.4509182666689407
s6511219,22.9490873015873,543.31,1483.6776226612935,0.0,4.52,28.81,312.69,306.88,391.52,227.59,198.7,543.31,389.59,32.11174305555556,27.769340277777776,23.21509722222222,16.63340277777778,15.799291666666667,26.4085,18.70623611111111,1827.4685253126702,1877.4178520314576,1807.6269599627435,817.9643953623269,773.8125525208485,1759.8636910076457,1299.3804291867416,38.039438594326406,0.006157616815495128,258.99280958183516,0.9412744967829614,1.0173192207782964,2.3661529300700064,4.059935860687472,3.0,1.0,1.0,3381.0,3175.0,3003.0,2841.0,0.8765103990901688,20262725.6872,4.0270479084057316e-22,2782.863183701276,0.20203265996129877,1752.350063100683,2252412.2396995556,0.577343901820626,7.6442848187064785,11.494296607356448,2.67035779664588,-3.174918146641532e-05,1.5876165905933717e-05,0.3852915029420904,0.5178771135825057
s6520213,26.395643849206348,498.13,1730.197388254928,0.0,8.895,35.7025,264.67,254.14,498.13,226.05,247.04,247.98,210.22,29.98520138888889,24.540256944444444,39.43069444444444,17.72801388888889,25.9113125,24.111083333333333,23.062944444444444,1626.1444183054882,1274.4423128595763,3830.397163520191,1203.7251223903556,1472.764276455438,1242.8566606740794,1190.1443732561188,46.32140266257898,0.005396387086271932,296.882200256965,0.9732108568036407,1.0177185157298627,2.387184336274689,4.114752170389567,13.0,5.0,2.0,3811.0,3560.0,3341.0,3137.0,0.8389012161100482,24461698.019500002,1.953890525515642e-27,2679.6412809740036,0.16656128724433866,1681.0191315473178,2298545.0714984373,0.6400110932342952,6.650771957776082,14.870031140204055,2.992730099277206,0.007019545589840262,0.001577197856717603,0.4046619290228499,0.41175627085849
s6610101,32.74180257936508,661.88,2715.3065509621124,0.0,9.364999999999998,45.3625,394.33,332.35,484.24,511.62,661.88,407.36,560.64,29.147319444444445,30.162694444444444,35.447451388888894,33.071729166666664,24.28377083333333,36.53215277777778,40.5475,2342.1734984385344,2046.821199406223,3379.1726299837374,2620.8781555207606,1854.4493205172848,2232.7382274679608,4368.278199305073,28.972577113053912,0.005459169985910469,293.2817435013278,0.9624869300916972,1.0182151385513085,2.407450690376749,4.142722055144683,7.0,2.0,1.0,3650.0,3405.0,3202.0,3042.0,0.8104479899049214,38173593.13950001,9.084631047772287e-27,3386.401155858532,0.1591199653084433,1671.0410375355596,2299709.6150643006,0.6468192771760993,6.549194970535519,13.7553903824626,2.905669811340239,0.012346462942752257,0.003967056955745188,0.417819524470965,0.4190255403605296
s6710606,30.1826994047619,513.97,2202.805549523682,0.0,11.985,38.825,513.97,439.5,333.82,217.48,508.18,285.25,423.51,34.31345833333333,36.70288194444444,21.83121527777778,24.430479166666665,27.652618055555553,20.299479166666668,46.04876388888889,2865.10881096421,3635.3097431132214,1087.7799751030327,1055.8516472337567,1472.2961683321266,986.1944007709357,3807.7000783875783,86.37043843172445,0.004734181718046363,333.7034352093602,1.0463524481598236,1.0189700618820852,2.4461580724658605,4.237847575350083,12.0,5.0,2.0,3901.0,3585.0,3311.0,3071.0,0.835899310823073,31384910.194700003,1.6444603995049271e-25,2662.699487174623,0.20682548207258322,1604.7004124015118,2251495.675508836,0.6998442362200417,6.149791441330319,12.346600094962696,2.9037832858029464,0.008260740152792935,4.762849771780067e-05,0.5172164690357723,0.31933807437568673
s6720101,26.973864087301585,952.29,4101.569912490704,0.0,3.93,27.1375,952.29,912.84,671.64,213.12,194.67,188.0,482.91,30.150972222222222,26.88809722222222,29.29785416666667,23.74004166666667,17.569270833333334,19.856375,41.314437500000004,5290.226690506518,9407.504716321318,6698.628247303241,1462.2963938829046,859.6652046798986,1048.9830635701874,3589.812220392195,61.78616339645799,0.0053875071804226305,298.86351691798103,1.0210693041467196,1.0172316082506228,2.3649173095694622,4.068987993928032,8.0,3.0,2.0,3012.0,2833.0,2665.0,2530.0,0.780319749617291,48673823.73349999,1.2122023008059663e-21,3773.6868680906737,0.03624771075305733,1653.209741470509,2326436.968867311,0.6076449375908387,6.2140634513022714,49.98633901323438,6.0609729539576485,0.0009981148923504316,0.0004991069656677912,0.5524306200860546,0.3444801148623825
s6811103,12.707542658730157,494.19,880.2856291131716,0.0,0.71,8.5725,310.92,494.19,230.97,218.83,163.08,152.35,206.82,18.673694444444443,14.981277777777779,8.506993055555556,10.3686875,10.605326388888889,8.026881944444444,17.7899375,1069.0120483290868,1364.3969750165995,545.6884047810497,840.0222914658616,640.580072860735,370.23669332865217,1219.6143512817068,19.339722372338425,0.005829439034347758,271.3957282475929,0.8627594799320903,1.0184911429398458,2.434046614853622,4.214400515954544,2.0,1.0,1.0,2489.0,2374.0,2248.0,2130.0,0.7990286867616652,10500133.7913,7.776844503801468e-30,1896.5069875695158,0.16415598400990283,1660.0900351169128,2267192.834704093,0.671215482246893,6.616198347852561,22.87049121801241,3.9534506494702732,0.012420875086814168,0.004068763643580075,0.37681369674227916,0.4053851514504369
s6821203,17.67830357142857,949.26,1770.8860165086887,0.0,2.62,17.1125,730.49,735.35,835.12,949.26,253.99,172.89,321.62,14.8633125,14.661354166666666,19.74204861111111,13.240430555555557,15.14186111111111,15.182159722222224,30.916958333333334,1602.72947803987,1992.7357784985209,2558.552713034466,2948.3954321980873,670.3684025102307,498.6751587097036,1903.063725557682,38.15102888537992,0.006829870247654679,225.0726768977582,0.8585518881236427,1.0172735165424258,2.3720873520097743,4.0741680114520555,8.0,4.0,2.0,3005.0,2809.0,2634.0,2475.0,0.8667601382129643,20998986.125400003,1.0370105486421962e-25,3142.258303099858,0.07302172271072066,1704.9823381839062,2099345.6280491925,0.6581803973831085,7.9869223787254064,126.47938467079834,8.458219380038663,0.0,-0.00034729112919230004,0.25738361191439374,0.5531917710066682
s7008201,18.997525793650794,314.29,1336.2313946118954,0.0,1.38,19.6025,270.82,258.58,314.29,224.59,180.83,188.3,272.41,27.675618055555557,16.735347222222224,14.015777777777778,14.639736111111112,20.471152777777778,22.006409722222223,17.43863888888889,2110.0113762681917,1447.5881139863734,1096.639841090263,959.0597101457421,1100.9651104144468,1293.045383417835,1213.895934629759,22.981661461977783,0.005614119629047599,283.2418163315506,0.8523036887987933,1.0172544688303442,2.3562811578032252,4.0509339413321195,22.0,9.0,1.0,3014.0,2830.0,2678.0,2555.0,0.8120194242115415,17105808.567999996,5.896047073622607e-30,2331.1693290278167,0.09866246276387827,1632.5048125798103,2267212.6439399673,0.7157807209607644,6.373279540309044,8.907167837187618,2.7942742705194217,0.003700763964679035,0.0012284183369716212,0.3564654612014444,0.4035046320065323
s7308408,31.051896825396824,453.6,1820.6228936335651,0.03,13.675,44.4775,453.6,267.52,282.4,234.27,189.13,285.56,292.48,34.76261111111111,35.81551388888889,29.087583333333335,20.67034027777778,23.935041666666667,28.03386111111111,45.05832638888889,2624.445287270478,1739.4053940373342,1402.4403163238374,989.6453841092894,882.2651645569839,1567.5970736151678,3141.837133194303,67.33915465407067,0.0052428190644489385,307.33793638430103,0.9779684327024809,1.0191092915223192,2.442485657246593,4.235345589169821,3.0,2.0,1.0,4114.0,3803.0,3545.0,3301.0,0.8545019425982279,28069398.733200002,3.1258000897911407e-21,2788.7635340415654,0.22735145671268245,1715.7163190297158,2309918.912829271,0.6036558466410542,6.942555447731722,5.906586457237459,2.0825814386039667,0.002746304196844925,-0.00015280809684461213,0.46961536074435084,0.4238243817743785
s7309117,28.26509722222222,375.38,1651.32141398003,0.0,13.41,37.699999999999996,375.38,295.13,232.25,361.62,328.88,176.72,310.26,30.8375,29.619270833333335,24.37988888888889,24.297027777777778,37.28388888888889,17.901340277777777,33.53676388888889,1896.2974076441976,1852.9524572163796,1141.2783017249635,1468.813593522507,2379.245397513704,709.7211055686337,1861.8211485196105,42.63799861736433,0.005461534663228059,293.2238773639572,0.9532532010104127,1.018370219649144,2.4074691668486627,4.157414588803001,14.0,6.0,3.0,4197.0,3845.0,3547.0,3254.0,0.8304944382436903,24696738.999000005,3.3879677384867935e-25,2724.9890812808776,0.17275768208978393,1697.275200383739,2306489.9938193574,0.6312817788426421,6.801528526639099,7.566465449869439,2.391125624700933,0.0011677745808115884,-0.000695574518753721,0.4084388771529642,0.4461495660673716
s7309501,31.302499999999995,559.45,1869.9687311241196,0.0,12.64,48.13,559.45,224.49,200.99,437.09,224.89,334.01,202.64,38.403888888888886,26.60076388888889,28.044472222222222,33.92411111111111,21.203569444444444,37.865875,33.074819444444444,2089.562748312875,1650.359927838587,1373.6925612223004,3130.7882889938955,1116.940943330826,1959.8495013881159,1537.9875021216508,39.705173733024694,0.005175975408181548,310.0356711028936,0.9825185010625793,1.019165697812894,2.445163678632127,4.239620744442303,4.0,1.0,1.0,4134.0,3903.0,3681.0,3476.0,0.8600801344417462,28724267.623999998,2.1073619122047588e-22,2785.1335428305765,0.2841762642598876,1689.2541180865605,2303257.061075494,0.6386850187369222,6.722312835476136,8.535342540119187,2.2136926250213325,0.0003333664053973608,0.0007248461996427863,0.47242176506750705,0.4115667276832982
s7310101,30.347098214285715,750.35,2840.6087459095907,0.0,9.725000000000001,39.89,623.64,186.48,200.05,389.7,613.56,717.7,750.35,42.65145833333333,17.157354166666668,19.814506944444442,27.150444444444442,31.745166666666666,42.29411111111111,31.616645833333333,4843.493595786999,964.8088080746176,1020.2020753647895,1458.9273403165794,2298.8479108825554,6552.232729855594,2164.3627266847625,98.80302731236219,0.005736420769655627,276.03506276543465,0.9872098561595791,1.0185326869508187,2.408693962996905,4.156481573235996,14.0,8.0,2.0,3783.0,3532.0,3314.0,3091.0,0.8716759862334492,37913634.9599,2.8990019089244975e-22,3543.2927759500767,0.18432612041514518,1690.472464908972,2255103.256996274,0.6510300974886306,6.984155491956278,34.131965496048764,4.532364466000456,-0.011793828752852465,-0.001754316332605675,0.4284753444412707,0.4385157663151247
s7508008,29.590405753968252,357.62,1921.6888048854514,0.0,8.754999999999999,43.7625,343.58,328.79,288.51,320.57,343.22,330.98,357.62,28.4424375,29.723222222222223,22.220888888888886,25.830902777777776,40.34045138888889,30.555833333333336,30.01910416666667,2096.0931285228426,1823.7679588942938,1337.1531771106452,1700.7180084964489,2539.1085224507256,1956.030387491313,1820.3750505520334,31.07640444532628,0.005554755478205499,290.0197071825432,0.9674103949214218,1.0179765180332028,2.3973001409899717,4.121684550857725,29.0,17.0,6.0,3767.0,3553.0,3382.0,3187.0,0.8522496600053457,28194669.9603,6.1145175778676525e-25,2961.274859583284,0.1873451221047266,1724.1471257905087,2313323.410590033,0.6060435595785828,7.030039130047768,6.147368474488912,2.1756759428688155,0.00032344478618910605,-0.00029668585036713634,0.43235911480708594,0.45274841011409683
s7610107,19.413700396825398,361.7,1150.744207299851,0.0,4.74,23.65,173.23,361.7,347.54,311.33,217.29,157.13,177.2,14.899138888888888,20.19001388888889,24.336,23.863854166666666,18.293409722222222,14.973381944444442,19.340104166666666,695.5842173260746,1647.1006471158603,1661.4000309659482,1720.4223232170757,724.4286179001141,606.197503564927,918.8207254234712,14.33228762746638,0.005780547329633529,274.3892212018296,0.9613981221921304,1.0174942861658751,2.3552997856248155,4.034892751390167,14.0,3.0,2.0,3545.0,3287.0,3092.0,2892.0,0.8526307746592203,15397419.8374,4.5523773991428656e-26,2277.3039979985106,0.15688791393307733,1715.1886370487546,2248574.706758231,0.639673550411447,7.284917805874143,13.042408676186753,3.1021650066110404,-0.00011806726857823201,-0.00018257590791823772,0.42465679573416,0.44714231872241544
s7610122,22.00525595238095,433.66,1187.9982746839612,0.0,8.075,28.32,259.03,263.05,207.99,178.77,229.39,118.17,433.66,25.854416666666665,25.671131944444443,15.160701388888889,19.96386111111111,26.349458333333335,11.182666666666668,29.854555555555553,1310.4238865253658,1695.079983498907,782.0526778259879,882.2760722253117,961.8936304221689,247.96164305767886,2164.17910668211,46.146990416416344,0.0053297710145572465,300.3677228444994,0.9324044385466693,1.0181204950808014,2.3838929392179864,4.102080325398823,1.0,1.0,1.0,3784.0,3531.0,3292.0,3055.0,0.8549290020055599,16854886.009,6.582731965440029e-23,2196.7517712522736,0.26726726919974414,1684.8840010904153,2290874.1376604782,0.6399625473358217,6.733026757260056,8.575147684013622,2.5415170016536934,-0.002130171644012303,-0.001095951577693987,0.4836891627800555,0.40302196426300163
s7610213,22.103474206349205,460.03,1388.7788192016365,0.0,4.025,28.575,460.03,138.77,160.38,144.61,261.45,277.73,186.37,35.04104861111111,7.2650625,16.103826388888887,17.33417361111111,29.395590277777778,27.837666666666664,21.74695138888889,2950.6188202339094,240.60665378344333,757.928800289505,664.2442753416246,1908.1116223059526,1614.5005003196663,1058.377300011532,88.7473873396141,0.005534079369661231,290.5706294959933,0.9705586011131019,1.0164751653283464,2.2964327402166935,3.913327851076447,2.0,2.0,1.0,3408.0,3222.0,3060.0,2911.0,0.8713558981400333,18922222.5244,1.8289218819384047e-14,2416.9169211828525,0.36760632533146714,1740.905437972591,2315708.856871652,0.6043313857738077,7.2271964348895485,9.452510934728455,2.5958061419110847,0.007757714058934418,0.0016436793014486999,0.5052577881425613,0.41732357111141877
s7610620,27.40958928571429,397.58,1813.2602721202147,0.0,6.4,41.025000000000006,316.83,313.45,278.44,254.8,258.46,397.58,213.01,29.031180555555558,26.12684722222222,11.647548611111112,24.82999305555556,34.954375,38.67771527777778,26.59946527777778,1867.9349641369383,1668.212570456142,714.5389436043059,1496.58279742872,2034.3265968293913,2927.912258501226,1546.643797837573,73.98699735701884,0.005335105871317532,297.8418175477664,0.9453399605678672,1.0170371466757437,2.326695875920986,3.9622392502280626,16.0,6.0,4.0,3784.0,3600.0,3414.0,3268.0,0.8503348983942185,25848808.977600005,1.4921163138651663e-24,2723.089287849372,0.2519703028964993,1681.7794576472172,2266121.353461966,0.6464818046224956,6.823458944333871,7.671414666371165,2.378659075130359,-0.003260244071832523,0.0011951776146060724,0.44916361222419326,0.4057384556613171
s7910304,18.548621031746034,260.16,995.4619918873243,0.0,3.25,23.305,231.09,222.88,182.46,260.16,155.45,190.28,200.23,22.952784722222223,17.81740277777778,23.791902777777775,15.313277777777778,13.13025,19.31070833333333,17.524020833333335,1202.7134037062299,946.0079665645507,1032.5424536389094,823.0394894571846,602.2923874287688,1230.1598492546925,1046.6871540092945,14.81335244103422,0.005688659713238729,274.1590312232254,0.8631315613638495,1.016918816075954,2.3435573183087026,4.016220722344226,25.0,7.0,1.0,3372.0,3188.0,3010.0,2858.0,0.8447767721861332,13501298.9454,0.0,2098.591930271343,0.0565297594437742,1640.757990594863,2186199.0530844517,0.7042411554614366,6.793553272357305,6.783408323236932,2.441498250507143,0.0,0.0,0.3286214328010338,0.43894880309555506
s7911212,23.19442261904762,514.16,1163.8667484511998,0.0,9.614999999999998,35.0025,151.11,435.67,266.19,309.89,225.22,514.16,189.15,19.231833333333334,30.20906944444444,16.663534722222224,21.67661111111111,27.858604166666666,27.730256944444445,18.99104861111111,695.2958249895759,1928.6882148388174,652.8755676916365,1041.8185490355936,1245.5598157709355,1646.0816810319213,771.6219920198721,28.310061335671104,0.0061375211684934145,265.05493166023456,0.954820780999361,1.018958767115338,2.4419469994218246,4.226441462009788,6.0,5.0,3.0,4216.0,3949.0,3720.0,3486.0,0.8670425046728187,17153463.8632,1.2973889977983134e-25,2552.096542002281,0.1910089254126689,1784.5060914088103,2335908.6938181063,0.5512767948322194,7.57353427664467,23.96533916138313,3.3977321847427113,0.0032334556999702355,0.0016660051597539194,0.3606392667975355,0.5552307269210716
s8010707,21.408631944444444,562.56,1204.4107758343598,0.0,4.32,30.0075,562.56,238.48,355.74,290.31,177.05,188.09,248.05,23.943479166666666,13.031277777777778,17.25464583333333,31.757131944444442,18.828298611111112,22.85383333333333,22.191756944444446,1591.3904417438328,612.4648720284151,862.5518715909475,1663.4352504898748,1112.5333125306413,1194.500044642112,1188.5627734919588,35.05209634437692,0.005996703570442049,265.43715744345053,1.0787712958534104,1.0191468981597567,2.4656662959630053,4.28596530219998,3.0,3.0,3.0,3539.0,3362.0,3189.0,3032.0,0.8788811860051323,16759217.788700001,4.494396697237759e-10,2464.7320912018004,0.30317859525174967,1795.8918361710414,2257088.4697748837,0.5316209505875252,8.172605347804522,19.073885759111313,2.9149115621287147,0.0,0.0,0.48681001816769776,0.5004346375504091
s8108205,20.765877976190474,664.77,1249.5544503254202,0.0,7.46,24.6025,378.53,664.77,293.89,300.07,248.81,126.66,292.5,26.946604166666667,27.700965277777776,31.76488888888889,14.434722222222222,13.209625,10.52092361111111,20.783416666666668,2168.122443290044,1824.3713165797533,2090.2885534275374,488.31224106246634,492.991508267894,317.7571878190385,960.5485403683107,68.23582382489163,0.00596772090835552,265.47961049218003,1.0747989554869646,1.0179461887612347,2.3816726611000147,4.093611819827934,1.0,1.0,1.0,3681.0,3402.0,3117.0,2865.0,0.8706212395581739,16940973.921100006,7.677927636929529e-17,2466.0845216050484,0.26461352874950844,1745.0536963888667,2221265.746473321,0.5901007652924314,7.7376382206951995,23.076314145486286,3.5451328352222715,0.00272546879650759,-0.00011807898392538201,0.4310845675775149,0.4828845206774257
s8420304,20.874269841269843,329.85,1351.3930249455334,0.0,2.63,24.82,301.0,206.85,329.85,181.71,187.15,211.94,321.97,24.598305555555555,26.684756944444448,26.39990277777778,12.471173611111112,15.078868055555555,20.54351388888889,20.343368055555555,1403.6113658551462,1514.9445572723644,2138.9850518320973,699.5356124507268,1034.4963020534599,1164.8917936203757,1326.0414229082198,30.458797673955587,0.005492234135406431,290.6728287864571,0.945285552845991,1.016501976185161,2.323824264292846,3.9618462862840094,8.0,6.0,4.0,3261.0,3044.0,2873.0,2745.0,0.8259985510208337,18012900.523799997,5.343018902400539e-29,2340.2978542057417,0.1892369258164645,1643.142449665437,2277808.5119009456,0.6950654686970918,6.405179059467777,7.209542604983746,2.4902313331864914,7.93729536660383e-06,-0.0002698948204008732,0.38590456668927986,0.402108404669689
s8508108,29.79312400793651,746.2,2601.0414542439717,0.0,8.545,37.442499999999995,559.6,746.2,219.69,346.85,327.01,283.41,334.88,26.01489583333333,41.35551388888889,29.46040277777778,31.261958333333332,20.609291666666667,21.724173611111112,38.12563194444445,2110.913844881429,6075.660506615513,1856.229112276852,2832.4519472394,1246.4140331323836,1127.9923010539237,2599.103660614963,61.518911846988026,0.005356996938364587,297.1688239964629,1.018278046314566,1.0176995267436169,2.372199666114509,4.0780353454551275,5.0,2.0,1.0,3712.0,3473.0,3231.0,3001.0,0.8405392760621376,35163209.6179,2.3967031728699675e-22,3189.3040108148984,0.1275515630023317,1659.850190910591,2293439.9188198834,0.685969222720452,6.526542119598605,20.151193311330356,3.476991117454502,0.005069947415418196,0.0008736852550109149,0.4356021107345427,0.38799588449241895
s8608101,24.61006845238095,781.86,1402.0162365564809,0.0,9.84,32.995,781.86,552.14,166.46,140.81,261.06,271.69,260.73,31.873319444444444,38.23274305555556,15.033694444444444,9.9635625,32.007729166666664,26.661708333333333,18.497722222222222,1896.9096205233166,2552.897873290428,515.2709964875304,302.19659807114317,1662.8452168689225,1421.529074772413,827.0101818824802,106.80909012547308,0.005953725429025817,265.70601925968,0.8698139169365703,1.017710920435441,2.3806813746247735,4.0865970426963525,2.0,1.0,1.0,3932.0,3671.0,3399.0,3179.0,0.8826457580623035,20235928.7781,3.292728673130821e-21,2688.937075779201,0.2640605111969179,1753.8264464099539,2216921.7601291356,0.5781493234229284,7.870099119686409,27.689292241798302,3.3209185175283995,0.0007510665740648874,-0.000114606072633459,0.40080152208518244,0.5116709849137128
s8710205,32.55921329365079,506.19,2268.6412940432,0.0,10.629999999999999,49.505,339.67,449.86,376.36,506.19,483.02,453.56,441.84,38.80292361111111,39.39516666666667,35.87696527777778,33.822743055555556,31.968041666666668,36.245250000000006,11.803402777777778,2226.479602078943,3051.169764530924,1981.520601833401,2167.4648873279584,2451.9079275034746,2372.4224239819314,1095.547522811943,90.50969723295583,0.006206382677221408,260.073914164715,0.9908192803911734,1.0167850999895722,2.3301621580141116,3.9781499361079713,10.0,6.0,2.0,4052.0,3840.0,3635.0,3436.0,0.8698088628896482,33551467.495300002,6.413346900137401e-26,3609.313254069256,0.19912781263901322,1792.3531490365272,2299349.8554989854,0.5418287246257599,7.8712019741814006,8.729636976109312,2.3375446018085566,0.0,0.0,0.3684311551838024,0.5697257838082456
s9309101,30.090250000000005,451.71,1498.6639257436254,0.08,14.33,46.42,199.93,451.71,272.71,232.64,240.53,219.74,210.9,24.485430555555553,47.30205555555556,33.32217361111111,21.771375,25.534368055555554,29.191875000000003,29.024472222222222,1094.5443677088638,2062.546936841942,1758.1549568426642,1049.8107238898533,1262.4291688845944,1271.889296273454,1567.213694648288,71.66804719745053,0.005476020292770636,292.45398895533253,1.0121198422769524,1.020039064827443,2.4833202911015526,4.3283788074844,2.0,1.0,1.0,4370.0,4100.0,3841.0,3600.0,0.8925102526096376,24231699.009800002,2.5576528656550955e-14,2706.370480810046,0.29731326056607704,1758.6743471779823,2287557.299252637,0.5713390925039399,7.538185731018411,4.600779436645118,1.8282972627712202,0.001065581902966564,-0.0029370906925977377,0.4698775870316105,0.4849006841824723
s9509011,31.72908035714286,491.66,2104.4327273712584,0.0,9.745000000000001,48.5925,256.4,491.66,358.78,245.34,340.2,343.63,298.82,26.884645833333334,39.34442361111111,31.07419444444444,30.949152777777776,24.816750000000003,36.16022916666667,32.87416666666667,1614.8820728418157,2360.8639171102136,1942.5324529989969,1765.313066411668,1974.0392825503832,2605.927053804291,2324.914943432939,25.20429578560405,0.00520765956163361,310.0874192647834,1.0666525514360126,1.0176995267436169,2.3594735446269204,4.04918293877657,2.0,1.0,1.0,3810.0,3608.0,3401.0,3222.0,0.8481574830401066,31358461.6255,2.812076501876996e-15,2927.8594583073827,0.2337344622022785,1704.0470635981974,2335229.705144649,0.6140665972769782,6.718351198440687,5.247979282807092,2.0097997412452577,0.00828852068657605,0.00014288549315340392,0.532909793754804,0.4041550035165079
s9709110,22.482445436507934,385.22,1302.5894519714245,0.0,6.695,29.0825,385.22,224.18,259.63,303.38,251.88,202.43,209.35,23.70018055555556,29.056604166666666,22.590930555555556,32.14140277777778,21.913368055555555,14.405791666666667,13.56884027777778,1498.5246948944075,1832.9360801211799,1243.3324853044153,1687.9409777389799,1300.9525710666633,702.2188086848497,574.4368868403499,47.1697016466922,0.005936298350957458,266.21965709296427,0.9200230205371941,1.0177982421779144,2.390633107387005,4.1113879673803275,6.0,1.0,1.0,3636.0,3412.0,3199.0,2999.0,0.865432569899523,18223839.4427,8.112453217662257e-30,2544.2859882882663,0.1602996290428752,1712.9754097795064,2230646.502029197,0.640370274237251,7.347138594655361,8.538581360406656,2.5697345539100716,0.0006587955154281178,-4.5147846794999016e-05,0.3663859927940872,0.4930680367327632
s9809003,27.981668650793647,459.37,2082.460876290633,0.0,9.32,34.01,405.79,193.32,264.7,268.1,298.0,459.37,189.56,41.497375,13.5391875,27.892645833333336,40.220104166666665,28.926944444444448,34.43445138888889,9.360972222222221,3170.2848896994433,634.3323060106852,1469.7392421260417,2196.4565921364633,1644.7735335340917,4221.0515246467,318.3154033626746,155.05151595389202,0.005026966790885749,317.3624643841575,0.9983479716104273,1.0194624086145516,2.449598300860224,4.242464021677792,14.0,6.0,1.0,3601.0,3301.0,3087.0,2871.0,0.8272828606546615,28881498.879399996,5.860942992203435e-23,2712.3526012485913,0.23089962106722886,1626.5692889955033,2289230.4963781657,0.6806408135727826,6.185657699108151,10.968671106962596,2.857467332625921,0.013238416509574363,-0.002749553482833895,0.5074446747368382,0.35050804996311163
